ID,firstName,middleName,firstLastName,secondLastName,address,phoneNumber
453041265,null,Patricia,Navarro,NULL,Calle 113 #79-86, Bogota,3270025086
69163759,Natalia,Patricia,Perez,Rojas,Calle 97 #22-85, Ibague,
357927117,Santiago,,Martinez,   Perez   
740831314,MIGUEL,Fernando,Silva,Lopez,Calle 71 #71-78, Barranquilla,3402677450
504434717,Santiago,Julian,Hernandez,Gutierrez,   Calle 76 #17-46, Cali   ,3462361417
537778906,Laura,Emilio,Martinez,Silva,Calle 15 #65-10, Bogota,3705605318
951784660,Paula,Emilio,Morales,Diaz,   Calle 19 #99-62, Bogota   ,3297370406
202892564,null,Fernanda,,Vargas,Calle 76 #14-43, Cali,3065965689
980904998,Natalia,Emilio,Navarro,Garcia,Calle 19 #77-84, Bogota,3601825231
182365595,Ana,Isabel,null,Silva,Calle 82 #50-24, Santa Marta,3779135556
899801999,Sofia,Julian,Ortega,,,3923217958
384124853,Daniela,Felipe,hernandez,Morales,Calle 80 #87-47, Barranquilla,   3270169447   
192980106,NULL,Emilio,Garcia,Jimenez,Calle 83 #92-93, Ibague,3838703726
1053662379,   Carolina   ,Fernanda,Morales,Ortiz,Calle 38 #94-2, Cartagena,3282964269
28438915,,Isabel,Rodriguez,Castro,Calle 87 #54-93, Santa Marta,3452729846
822780851,Jorge,Julian,Rojas,DIAZ,Calle 90 #46-16, Ibague,3310469468
750255354,Sebastian,Alejandro,Vargas,Lopez,Calle 96 #30-70, Santa Marta,3922907834
922763155,Daniela,Fernando,Rojas,Pinilla,Calle 9 #10-59, Ibague,3020567049
402703207,SANTIAGO,   Emilio   ,torres,Torres,Calle 35 #53-96, Pereira,3677321509
709539312,David,,Rojas,Lopez,,   3169642030   
708139756
728872460,Natalia,,Vargas,Gonzalez,Calle 94 #44-53, Bucaramanga,3466332602
910777766,Ana,Fernanda,   Gomez   ,Diaz,Calle 88 #12-81, Barranquilla,3434808681
760838241,Valentina,Eduardo,Navarro,Sanchez,Calle 30 #99-31, Manizales,null
224059358,Ana,Fernanda,Silva,Diaz,Calle 55 #33-20, Medellin,3128093419
665032937,ANA,Emilio,Silva,Pinilla
115203406,camila,Gabriela,Ortega,Diaz,Calle 18 #63-32, Bogota,3141984090
546556423,Jorge,Eduardo,Martinez,Alvarado,Calle 31 #76-4, Cartagena,3782288346
65237152,David,Patricia,Lopez,Pinilla,Calle 120 #51-2, Pereira,3993274682
1047972015,NULL,Felipe,Lopez,,   Calle 46 #22-83, Manizales   ,3927407952
667072962
528518842,DANIELA,null,Silva,Lopez,Calle 61 #2-61, Bucaramanga,3254969003
528138630,Laura,Mateo,Navarro,Ramirez,Calle 21 #57-38, Medellin,3847707322
960337786,null,Alejandro,Silva,Jimenez,Calle 88 #52-13, Ibague,   3065245667   
545797534,   Camila   ,Alejandro,Navarro,Torres,   Calle 54 #65-47, Cali   ,3515150561
613046973
894408719,Luis,Lucia,   Gomez   ,Morales,Calle 97 #67-37, Santa Marta,3113212655
198861742,Carolina,Mateo,Lopez,Ramirez,Calle 108 #77-83, Manizales,3671966427
37790183,,,Perez,Gomez,Calle 76 #90-27, Pereira,3058903424
152122369,NULL,Lucia,null,Vargas,Calle 100 #91-67, Cartagena,3567534153
774970894,Sebastian,Fernanda,Martinez,Gutierrez,Calle 13 #98-37, Ibague,
37010533,Laura,Fernanda,SILVA,Alvarado
506876769,Juan,Antonio,Martinez,Sanchez,null,3844548601
407388707,Luis,Emilio,Castro,Gomez,Calle 71 #40-43, Medellin,3255482758
482474871,Camila,JULIAN,Rojas,PINILLA,Calle 33 #58-98, Ibague,3195089025
616498794
614285004,Natalia,Mateo,Martinez,Alvarado,Calle 8 #23-88, Cali,NULL
39593570,Maria,julian,Ortega,Diaz,Calle 77 #38-60, Medellin,3736247015
999773702,Daniel,Eduardo,Ramirez,hernandez,Calle 79 #23-32, Santa Marta,3169549948
837829230,Daniel,   Emilio   ,Hernandez,Gutierrez,Calle 1 #16-4, Manizales,3754434370
520575671,Paula,,Morales,Muñoz,Calle 106 #72-85, Bogota,3731233027
92985860,CAMILA,NULL,Lopez,Gomez,Calle 96 #39-30, Bucaramanga,3950590660
552334425,   Jorge   ,null,Ramirez,Diaz,Calle 119 #36-62, Santa Marta,3001926967
522948840,   Daniela   ,Patricia,   Gomez   ,Pinilla,calle 46 #41-90, pereira,3557000010
453151764
1021053671,Daniela,Eduardo,Morales,Gonzalez,Calle 32 #92-19, Medellin,3099925194
493865671,Sofia,Gabriela,Torres,Ramirez,Calle 6 #40-96, Cartagena,   3381334682   
48471058,NULL,Fernando,Hernandez,Silva,NULL,3617244842
269875234,Daniela,Antonio,Ramirez,null,Calle 118 #6-69, Barranquilla,3908773068
211474377,Carlos,Fernanda,   Ramirez   ,Lopez,Calle 16 #61-16, Bogota,3517514376
579718406,David,Patricia,Garcia,Rojas,Calle 107 #71-42, Barranquilla,3781725769
631827288,Andres,Fernanda,Garcia,Martinez,Calle 7 #7-90, Bucaramanga,3198588100
107909648,Carolina,Fernando,,Garcia
815858729,Daniela,Gabriela,Lopez,Alvarado,   Calle 54 #19-41, Bogota   ,   3841474665   
764057179,Andres,Emilio,,Perez,Calle 53 #63-16, Pereira,3564001589
108561850,Sofia,julian,Rojas,Muñoz,calle 63 #74-65, barranquilla,3457259690
97624780,   Santiago   ,Eduardo,Gomez,Gomez,,3253056944
112523080,David,NULL,,Alvarado,Calle 95 #97-68, Medellin,3981310777
10970259,NULL,,Ramirez,null,Calle 29 #13-6, Manizales,3065156901
293516537,Sebastian,Alejandro,Ramirez,   Alvarado   ,Calle 20 #93-3, Ibague,3119099842
203216632,   Sebastian   ,Fernando,Silva,Martinez,Calle 97 #91-97, Medellin,3054086256
154977189,Maria,Felipe,,Ramirez,Calle 41 #74-69, Barranquilla,3956455127
951939392,,NULL,Navarro,Jimenez,Calle 105 #46-85, Cali,3624850031
686478808,Juan,Isabel,   Rodriguez   ,,Calle 107 #75-81, Pereira,3047527737
1025628125,null,Fernanda,Navarro,Vargas,Calle 73 #65-72, Pereira,3127484220
653328757,Sebastian,,Silva,Pinilla,Calle 76 #46-23, Santa Marta,3211418233
258649477,Ana,   Julian   ,Hernandez,Hernandez,Calle 102 #84-98, Cali,3748310887
619478134,Juan,ALEJANDRO,   Morales   ,Pinilla,Calle 112 #23-84, Bogota,3061419849
1016725699,Juan,Alejandro,garcia,Silva,Calle 40 #16-59, Manizales,
974609164,Luis,   Felipe   ,Rojas,null,null,3701433366
559347518,David,Julian,Lopez,NULL,Calle 80 #29-54, Manizales,3904870946
552209165,Camila,Eduardo,,Hernandez,Calle 14 #26-40, Barranquilla,null
282903690,Jorge,,Martinez,Vargas,Calle 82 #73-18, Cali,3880568937
859541261,Sebastian,null,   Garcia   ,Silva,,3335295209
576223240,Natalia,Alejandro,Castro,diaz,Calle 13 #59-36, Barranquilla,3784246505
44056146,Laura,Alejandro,Vargas,diaz,Calle 119 #32-63, Cali,
1087130964,Santiago,Eduardo,Vargas,rojas,Calle 71 #46-97, Medellin,   3116818314   
385783837,Maria,Lucia,Martinez,Ramirez,null,null
338281165,Andres,NULL,Gonzalez,Gutierrez,Calle 31 #49-29, Cartagena,3087506820
906440403,Daniel,Patricia,NULL,Castro,Calle 82 #32-56, Cartagena,3241459096
998272040,Paula,Emilio,,Rojas,Calle 27 #66-32, Ibague,3751361454
71846569,   Miguel   ,Isabel,Vargas,Pinilla,Calle 71 #91-34, Medellin,3590878397
1038352866,Santiago,,   Garcia   ,Pinilla,   Calle 57 #54-31, Barranquilla   ,3023561232
1086667318,Maria,Alejandro,Martinez,Hernandez
88684344,NULL,Antonio,Silva,Morales,Calle 44 #78-58, Pereira,   3788491184   
1042741844,   Sebastian   ,Fernando,,Torres,Calle 100 #60-15, Bucaramanga,3992548807
634477016,Camila,Felipe,Ramirez,pinilla,Calle 44 #9-35, Manizales,3303509108
422247141,Camila,Julian,Gomez,Martinez,Calle 26 #54-46, Pereira,3641434838
1032647904,Laura,Lucia,Vargas,Ortiz,Calle 5 #32-4, Ibague,3404261827
31516681,Juan,,Rojas,Perez,Calle 63 #9-51, Manizales,3929381873
302067216,Ana,null,Perez,Castro,NULL,3914866932
842468563,Maria,null,Martinez,Diaz,null,3410335829
915025075,Andres,NULL,Vargas,Lopez,Calle 82 #90-46, Santa Marta,3311251690
824287531,David,Isabel,Morales,Pinilla,Calle 2 #47-36, Cartagena,3538847460
237437213,Carlos,Antonio,Torres,Gonzalez,Calle 31 #71-44, Bogota,null
141357737,Juan,Mateo,SILVA,   Ramirez   ,NULL,3001700324
916869312,null,Patricia,Perez,Rodriguez,Calle 47 #29-70, Barranquilla,3164291721
646616286,Sofia,Fernanda,Diaz,Silva,Calle 35 #71-48, Cali,
131170287,MARIA,   Felipe   ,Gonzalez,Gutierrez,Calle 26 #95-55, Ibague,3725572587
555052987,MIGUEL,Fernando,Gomez,Rojas,Calle 19 #14-30, Ibague,3400281891
1005188633,Natalia,Lucia,Navarro,Gutierrez,Calle 37 #24-60, Pereira,3210359572
1003228066,Daniel,EMILIO,,,Calle 24 #71-18, Ibague,3588624478
775777718,Daniel,Emilio,Ramirez,,Calle 15 #73-45, Medellin,3844695282
1009881260
360455196,Andres,Mateo,Gomez,Vargas,Calle 49 #9-4, Pereira,3175918860
107662667,David,Lucia,Gomez,Sanchez,Calle 119 #74-7, Manizales,3989141743
1068432633,Paula,   Alejandro   ,Castro,Gomez,Calle 43 #28-37, Bucaramanga,3491182199
805430794,Daniel,Fernanda,Morales,Torres,NULL,
987954131,David,Antonio,Gomez,Ortiz,Calle 101 #44-60, Cartagena,3036860855
551356619,,Felipe,Navarro,Castro,Calle 59 #47-82, Manizales,3109715475
237386379,Daniela,Fernanda,Gomez,sanchez,NULL,3898135402
638528862,Santiago,Eduardo,Morales,Gomez,Calle 73 #89-44, Cartagena,3709028432
5336525,Carolina,Fernando,ROJAS,   Rojas   ,Calle 110 #45-2, Barranquilla,3287552480
621060961
51035174,Jorge,,NULL,Torres,Calle 79 #64-40, Bogota,3932853956
884359882,Andres,Mateo,null,Gutierrez,Calle 5 #47-52, Santa Marta,3746293409
167771492,Sofia,Julian,Ortega,   Perez   ,   Calle 88 #72-65, Manizales   ,3164879930
422191221,Daniela,Antonio,Martinez,Morales,Calle 55 #34-49, Barranquilla,3623602458
549288157,MARIA,Felipe,Gomez,ortiz,Calle 65 #84-26, Bucaramanga,3899784973
1082316572,Natalia,NULL,Gomez,Sanchez,Calle 114 #11-65, Medellin,
121794276,Paula,Antonio,Martinez,,Calle 32 #38-16, Santa Marta,3327322957
345118057,Jorge,,Ramirez,   Lopez   ,,3832614403
578403424,Jorge,null,Morales,Hernandez,   Calle 115 #92-95, Ibague   ,3754592160
289746949,Santiago,Lucia,   Lopez   ,Gomez,Calle 47 #97-98, Manizales,3581858219
874610144,Miguel,Mateo,Navarro,Ortiz,Calle 29 #24-88, Cali,3982418373
455784367
10853551,Ana,Julian,Ramirez,Pinilla,   Calle 51 #37-67, Cali   ,3070768146
418323940,Santiago,NULL,Gomez,Silva,Calle 96 #38-82, Cali,3809589003
1067908475,,,Ortega,Sanchez,Calle 24 #70-35, Pereira,
210969952,Daniel,Mateo,Rojas,Morales,Calle 77 #81-26, Cali,3957147755
957065329,Daniela,Gabriela,Castro,Morales
207695771,Natalia,Mateo,Vargas,Hernandez,Calle 5 #14-8, Cali,
471780534,Natalia,NULL,Rojas,Muñoz,Calle 39 #67-84, Pereira,3893386841
562643704,Sebastian,Alejandro,Rojas,Lopez,Calle 103 #30-7, Medellin,3997036100
167165730,null,Felipe,Perez,Rodriguez,Calle 82 #13-78, Santa Marta,3943342536
939435669,Sebastian,Gabriela,Vargas,Ortiz,Calle 15 #13-87, Manizales,3755591438
371639402
254758399,,Felipe,diaz,,Calle 62 #7-39, Pereira,3926173655
179532327,null,Fernanda,null,,Calle 96 #91-48, Barranquilla,3054443010
246482318,Maria,Isabel,Hernandez,null,null,
787526048,Andres,Felipe,Lopez,,Calle 114 #70-72, Pereira,3601717668
339152669,David,Lucia,Gomez,,Calle 114 #10-84, Bogota,3243855391
377914247,Carlos,Fernando,Gonzalez,Castro,Calle 58 #34-42, Cartagena,3475014419
20150511,Maria,Fernanda,perez,Muñoz,CALLE 12 #28-25, MEDELLIN,null
945377823,Paula,Patricia,Ramirez,Lopez,Calle 15 #58-95, Ibague,3575128148
308962923,Daniel,Mateo,Perez,Rojas,Calle 83 #48-47, Barranquilla,null
580448028,Maria,Fernanda,Ramirez,morales,Calle 65 #83-66, Cartagena,3540279334
44303984,Sofia,Patricia,Rojas,Garcia,Calle 87 #99-12, Manizales,3022045780
701896828,Sofia,Gabriela,Garcia,Gomez,CALLE 36 #97-57, CALI,3079437180
541855188,Ana,Felipe,Gomez,,Calle 30 #37-68, Santa Marta,3579757758
469686685,Miguel,Antonio,Rojas,Alvarado
438982488,Sofia,Felipe,Gomez,Vargas,Calle 72 #6-29, Bogota,3989969964
816512262,NULL,,Ortega,Hernandez,   Calle 6 #7-75, Santa Marta   ,3193653782
935243699,Juan,Emilio,Gonzalez,Garcia,   Calle 93 #70-14, Bogota   ,3622898719
579620870,Paula,Antonio,Silva,Vargas,Calle 84 #11-35, Pereira,3756840857
67478847,null,Felipe,Gonzalez,Vargas,Calle 64 #86-41, Barranquilla,
258346496
232829076
819233293,Ana,Alejandro,Vargas,Ortiz,Calle 118 #34-28, Bogota,3131950924
44099469,NULL,,Hernandez,Gutierrez,NULL,3875562732
987333221,,Patricia,   Rojas   ,ramirez,Calle 73 #5-34, Manizales,3840180018
616323234,Miguel,Fernanda,HERNANDEZ,Vargas,Calle 110 #17-29, Santa Marta,3260766312
563051395,Jorge,Lucia,,Garcia
388874012,Sebastian,Felipe,   Gomez   ,null,Calle 74 #10-44, Cartagena,3642138547
966668170,Natalia,Isabel,Morales,Rodriguez,Calle 118 #16-73, Cali,3290658489
345400270,Paula,Emilio,Castro,Martinez,Calle 32 #94-77, Cartagena,3962064101
1099513840,   Jorge   ,null,Rodriguez,Rojas
717067809,Carlos,Alejandro,Ramirez,Morales,Calle 7 #71-25, Barranquilla,3332481630
329679514,Santiago,Felipe,Navarro,Hernandez,Calle 69 #91-81, Manizales,3879935303
1067975333,Andres,Lucia,Perez,   Gomez   ,Calle 28 #56-21, Pereira,3538493939
137356939,null,Isabel,Garcia,Gomez,Calle 103 #59-81, Bucaramanga,3414864831
146851562,Valentina,Emilio,   Rojas   ,Gomez,,3154732725
773716609,Natalia,Mateo,   Perez   ,MORALES,Calle 22 #78-4, Bogota,3420147129
862821886,Valentina,Mateo,Castro,Martinez,Calle 10 #38-50, Bucaramanga,   3900569568   
202139378,Carolina,Emilio,Hernandez,Perez,Calle 54 #99-80, Medellin,3799824496
454333636,,Alejandro,Diaz,Muñoz,Calle 55 #40-21, Cali,3995294961
440417411,Natalia,,Rojas,Muñoz,Calle 117 #43-58, Bucaramanga,3529157433
346790862,,,,Silva,Calle 75 #49-30, Bucaramanga,3581569662
166841731,Luis,Antonio,Torres,Ramirez,NULL,3966913839
75648040,Santiago,Felipe,Ramirez,Lopez,Calle 9 #72-23, Cali,3736015590
21618761,,NULL,null,SILVA,Calle 63 #33-5, Pereira,3187723541
848243654,Carolina,Lucia,Hernandez,Lopez,Calle 43 #99-92, Barranquilla,3555165733
669190136,Miguel,Lucia,Vargas,Perez,Calle 86 #8-44, Cali,3431800157
527977908,Andres,Felipe,Silva,Gutierrez,Calle 57 #91-92, Cali,3640942781
355506990,valentina,Lucia,,Ortiz,Calle 47 #86-20, Barranquilla,3398934312
812104535,Paula,Eduardo,Ortega,Morales,calle 84 #55-52, santa marta,3253421900
107922546,Jorge,Emilio,Gonzalez,Perez,NULL,
1070313138,Andres,NULL,Navarro,Pinilla,   Calle 95 #46-35, Barranquilla   ,3484831237
777677573,Daniela,Lucia,Morales,Diaz,Calle 117 #41-57, Barranquilla,3272839980
877967733,Ana,Fernanda,Torres,Gonzalez,Calle 108 #14-2, Medellin,3012549190
399822791,Andres,Emilio,Gonzalez,Gutierrez,Calle 38 #52-2, Bucaramanga,3649869409
55050461,   Carolina   ,Fernando,Rojas,Silva,Calle 104 #61-69, Santa Marta,null
317039911,Paula,Mateo,Silva,Morales,Calle 71 #59-41, Cali,3644273694
332583656,Santiago,null,Diaz,Lopez,,null
321403904,Valentina,Eduardo,Gonzalez,Morales,Calle 101 #92-12, Bogota,
1058228147,Maria,Mateo,SILVA,Sanchez,Calle 53 #75-92, Cartagena,3298369076
1061639064
213101607,Camila,Fernando,Lopez,   Perez   ,Calle 32 #32-26, Bucaramanga,3243426129
726916615,Valentina,Fernando,Ortega,Lopez,Calle 76 #69-29, Bogota,NULL
228223054,Miguel,Gabriela,Lopez,Castro,null,3425837154
710973011,Santiago,Isabel,Hernandez,Sanchez,Calle 54 #45-58, Medellin,
786885689,Maria,Emilio,Rojas,Gonzalez,   Calle 16 #57-39, Cartagena   ,3017427578
1004531788,Sofia,Alejandro,Gomez,Gomez,Calle 4 #41-71, Pereira,3058809458
925480094,Carolina,Isabel,NULL,   Diaz   ,   Calle 9 #53-75, Pereira   ,3590980382
210159514,CAROLINA,Julian,Gomez,Perez,Calle 58 #88-24, Medellin,NULL
103782792,Valentina,Gabriela,Ramirez,Ramirez,Calle 53 #7-92, Bogota,NULL
10255402,Jorge,Felipe,Silva,Hernandez,Calle 27 #84-35, Cartagena,3514578533
144846381,Santiago,,Gonzalez,Alvarado,Calle 10 #69-55, Bogota,3407880867
988238809,   Sebastian   ,Emilio,   Ortega   ,Alvarado,Calle 53 #9-58, Medellin,3163043700
274417620,Daniel,NULL,Gonzalez,Gonzalez,Calle 42 #77-91, Ibague,3737638596
860440182,Luis,Alejandro,Ramirez,Gomez,Calle 11 #20-41, Manizales,3842420980
655845814,Paula,Fernanda,Castro,Torres,Calle 66 #2-96, Ibague,NULL
363876511,Andres,Fernando,Hernandez,Perez,Calle 109 #29-40, Medellin,null
66825701,David,Julian,Navarro,Ortiz,Calle 105 #63-83, Manizales,3715090513
570966377,Santiago,Gabriela,Morales,Sanchez,Calle 81 #82-81, Cali,3611722735
664014863,null,Lucia,Garcia,Rojas,Calle 103 #31-37, Medellin,3106536538
1095151451,Valentina,Mateo,   Castro   ,Ortiz,Calle 27 #24-41, Bucaramanga,3554228979
11303244,David,Mateo,Perez,   Ramirez   ,Calle 3 #98-18, Cali,
259175485,Luis,Antonio,Navarro,Jimenez,Calle 30 #63-56, Pereira,3610864864
213448681,Santiago,Isabel,Hernandez,Gonzalez,calle 111 #47-86, santa marta,3535864940
939985262,Carolina,Julian,NULL,Morales,Calle 101 #48-46, Bogota,3842814097
975442668,jorge,Lucia,   Gomez   ,Gomez,Calle 65 #35-63, Bucaramanga,3566696285
125574769,Luis,Felipe,Vargas,PEREZ,Calle 77 #8-96, Bucaramanga,3463216223
938483763,Laura,Eduardo,Ramirez,Ramirez,Calle 12 #66-73, Santa Marta,   3664604445   
50226060,Andres,Fernanda,ramirez,   Gutierrez   ,   Calle 70 #97-1, Pereira   ,3398547775
103608520,,Emilio,Ortega,Lopez,CALLE 51 #51-1, MEDELLIN,3998130222
864766988,Carolina,Julian,Martinez,Sanchez,Calle 61 #58-27, Medellin,3383888661
621645264,Ana,Isabel,TORRES,Gonzalez,Calle 40 #22-6, Bucaramanga,null
966713434,Camila,Alejandro,Ramirez,Gutierrez,Calle 89 #31-40, Manizales,3587672434
1089059102,Sofia,Julian,Diaz,Alvarado,Calle 76 #30-88, Manizales,3406951520
708714753,Valentina,Emilio,Gomez,Vargas
140785985,David,Alejandro,Ortega,Lopez
481717112,Natalia,Mateo,Navarro,Sanchez,Calle 10 #59-56, Santa Marta,3099951350
1056191803,Natalia,NULL,NULL,Ramirez,Calle 71 #62-31, Bucaramanga,3902715681
159323731,Valentina,Gabriela,Martinez,Gutierrez,Calle 118 #6-49, Bucaramanga,3958854633
742692342,David,Eduardo,Martinez,Martinez,CALLE 2 #88-15, CALI,
607071111,Maria,Gabriela,Ortega,Morales,Calle 1 #35-70, Ibague,3136608215
667006004,Carlos,   Gabriela   ,Rojas,Diaz,Calle 30 #88-87, Pereira,null
223903007,Maria,,Torres,Diaz,NULL,3123376975
101189659,Sofia,Emilio,Silva,Torres,Calle 85 #10-80, Bogota,3936782743
220481472,,Patricia,Castro,Rodriguez,Calle 67 #64-50, Cartagena,3886032474
209548610,NULL,Gabriela,Castro,null,Calle 36 #62-88, Medellin,3175663445
298541290
414770010,DANIEL,null,NULL,Silva,Calle 21 #16-96, Bogota,3043052430
832000007,NATALIA,Patricia,Castro,   Gomez   ,   Calle 18 #73-30, Cartagena   ,3368526111
566303291,null,Antonio,Gomez,Rodriguez,Calle 44 #5-48, Barranquilla,
807545326,Maria,Lucia,Rodriguez,Torres,Calle 26 #10-19, Medellin,3445595122
224913663,Andres,,null,Rojas,Calle 23 #84-6, Cartagena,3307786154
1010886134,Carlos,Eduardo,Hernandez,Lopez,Calle 64 #18-34, Ibague,null
66045084,Valentina,fernanda,Gomez,Gutierrez,   Calle 105 #24-36, Cali   ,3140755018
65319419,Miguel,ISABEL,Hernandez,   Garcia   ,Calle 118 #91-12, Bucaramanga,3447261187
596824307,Natalia,Fernando,Gonzalez,Silva,NULL,
1028580438,Sofia,Gabriela,Castro,Jimenez,Calle 22 #78-65, Santa Marta,3886149298
1088884369,Ana,Eduardo,Navarro,Sanchez,Calle 101 #48-8, Barranquilla,3902598508
540862078,,Julian,Gonzalez,Gutierrez,Calle 37 #38-47, Cali,
658953768,Valentina,Antonio,Lopez,   Alvarado   ,Calle 109 #82-55, Manizales,   3552351969   
200655391,natalia,   Gabriela   ,,Ortiz,NULL,3221925914
876389267,Paula,Lucia,Diaz,Torres,Calle 68 #9-23, Manizales,3123405787
275376547,Ana,Felipe,Diaz,Gutierrez,Calle 31 #31-33, Cartagena,3620743363
888381523,   Carolina   ,Gabriela,Castro,null
1017356344,Carolina,Fernanda,null,Lopez,Calle 18 #72-24, Santa Marta,3785977689
137243704,   Daniela   ,   Julian   ,Vargas,Castro,Calle 31 #41-4, Santa Marta,3981379783
700871024,DANIEL,Patricia,Rojas,Morales,Calle 36 #46-4, Santa Marta,3117967936
537154905,maria,Gabriela,Vargas,Hernandez,Calle 106 #78-73, Barranquilla,3488246830
888252981,Juan,Fernanda,Torres,Garcia,Calle 86 #17-89, Manizales,3828493190
171208498,Valentina,Antonio,Silva,Gomez,Calle 15 #40-32, Bucaramanga,3811790717
1040946723,daniel,Lucia,Rojas,Gomez,Calle 116 #63-48, Medellin,NULL
862853730,Santiago,Fernanda,MORALES,TORRES,,3158296169
446949667,Paula,Eduardo,,Diaz,Calle 85 #37-22, Pereira,3792958174
756907499,Juan,Fernanda,Ortega,Gutierrez,Calle 1 #6-14, Cali,3412185996
512833395,null,Isabel,Martinez,Hernandez,Calle 34 #42-78, Medellin,3299420128
401949534,Daniela,Felipe,ROJAS,Castro,Calle 81 #12-99, Bucaramanga,3854668772
350286308,Sofia,Fernanda,Vargas,Ortiz,Calle 43 #7-19, Pereira,3144833297
127527228,Ana,   Mateo   ,Ortega,Ortiz,Calle 5 #86-51, Manizales,3842163871
189907162,   Juan   ,null,null,Jimenez,Calle 53 #5-4, Cartagena,3317370283
617564562,Daniela,   Felipe   ,Garcia,Silva,NULL,3761175004
812502407,David,Fernanda,Ramirez,   Pinilla   ,Calle 104 #80-40, Pereira,3832953590
1056460715,Ana,Lucia,Morales,   Martinez   ,null,3624085193
226184785,Miguel,Patricia,Martinez,Rodriguez,Calle 64 #59-74, Ibague,3106503839
897678175,Daniel,isabel,null,VARGAS,Calle 43 #18-38, Pereira,3451305351
666615520,Camila,,Diaz,Alvarado,Calle 46 #89-31, Ibague,3457136652
459956460,Miguel,Lucia,Navarro,Castro,Calle 117 #46-70, Medellin,3200354427
791637582,Paula,Isabel,Rodriguez,Ramirez,Calle 51 #32-27, Cartagena,3988636998
1052667617,Jorge,Fernanda,NULL,Muñoz,Calle 117 #7-30, Medellin,3944446645
107560154,   Juan   ,   Julian   ,   Hernandez   ,Vargas,,3177510480
743780142,Santiago,Eduardo,Diaz,Sanchez,Calle 93 #40-17, Medellin,
113525104,LUIS,Felipe,Vargas,Castro
353609645,Miguel,Patricia,Diaz,Jimenez,Calle 21 #19-48, Pereira,3531594531
352316747,,Emilio,Garcia,Pinilla,Calle 12 #96-13, Ibague,3186329088
501171262,NULL,Antonio,NULL,Garcia,Calle 70 #62-71, Bogota,   3625198650   
260650452,David,Fernanda,Ortega,morales,Calle 2 #5-99, Ibague,null
938500459,Laura,Fernando,Garcia,Rodriguez,Calle 52 #30-70, Medellin,3409598968
64778428,Sebastian,Fernando,Castro,Lopez,Calle 28 #28-21, Cali,3118388247
130087952,Carlos,NULL,Lopez,Jimenez,Calle 24 #82-38, Santa Marta,   3040149310   
537711650,CAROLINA,Lucia,Hernandez,Jimenez,Calle 31 #36-77, Bogota,3612393413
979292471,Natalia,,Martinez,Lopez,Calle 80 #21-22, Barranquilla,3541962914
209355613,Ana,Alejandro,Gonzalez,Silva,Calle 64 #39-22, Cartagena,
111669066,Daniel,Felipe,Rodriguez,Perez,Calle 86 #96-3, Cartagena,   3234984499   
793107753,Sebastian,   Emilio   ,Lopez,Diaz,,3309694035
669113251,Carlos,Gabriela,Perez,NULL,Calle 60 #87-20, Cartagena,3674415527
965434199,Andres,Fernanda,Castro,Gonzalez,Calle 56 #83-18, Pereira,NULL
472016366,Andres,Patricia,Castro,Rojas,Calle 112 #73-82, Cartagena,null
241307244,Luis,,Perez,Rojas,Calle 68 #82-32, Ibague,3315442428
389518807,CARLOS,null,Lopez,Rojas,null,3051648147
939477693,Camila,Felipe,Gomez,Pinilla,   Calle 70 #53-92, Medellin   ,NULL
256338891,Camila,Gabriela,Silva,Gonzalez,Calle 64 #53-75, Ibague,   3954425172   
660514628,null,Lucia,Perez,Muñoz,Calle 67 #32-35, Pereira,
194407037,Andres,Patricia,Lopez,Ortiz,Calle 33 #45-13, Cartagena,3687084263
201578758
1007988396,Daniel,Fernando,Ortega,Gomez,Calle 6 #95-75, Manizales,3699006494
520499554,Andres,Mateo,Garcia,Gonzalez
471641390,Luis,Fernando,   Torres   ,Ramirez,calle 7 #84-9, manizales,   3454125887   
931064903,Laura,null,NULL,Pinilla,Calle 10 #90-63, Ibague,3133193410
28160673,Daniela,Felipe,Gomez,Torres,Calle 80 #92-43, Bucaramanga,3021376219
246214676,Andres,gabriela,Vargas,Alvarado,Calle 65 #6-77, Manizales,3078284857
499439018,Paula,Eduardo,Ortega,Jimenez,calle 7 #2-29, pereira,3265102164
358434985,Miguel,Alejandro,Rodriguez,Castro,Calle 92 #18-36, Cartagena,   3269328372   
317935199,Jorge,Mateo,Garcia,,Calle 85 #6-9, Ibague,3476565791
253377541,Juan,Fernando,Lopez,Gutierrez
718852725,Sofia,Julian,rojas,   Martinez   ,Calle 101 #50-61, Manizales,
825327687
919119525,David,emilio,Morales,null,Calle 110 #29-74, Bucaramanga,3817601542
86424673,   Jorge   ,Lucia,Hernandez,null,Calle 26 #92-86, Medellin,3691397059
383421390,Sofia,Fernando,   Silva   ,Martinez,null,   3560624774   
477515618,Paula,Mateo,Navarro,,Calle 54 #80-11, Barranquilla,3067284696
233433741,,Lucia,Torres,Gutierrez,calle 30 #88-4, cali,3202401576
889455668,Paula,Lucia,Hernandez,Torres,Calle 73 #43-88, Cali,3021187237
901904038,Laura,Gabriela,Ramirez,Muñoz,null,3333125962
662905514,Daniel,Gabriela,Martinez,Muñoz,Calle 88 #91-43, Ibague,3723705664
1008572172,Santiago,Patricia,Rodriguez,   Vargas   ,null,null
444930071,Carolina,Mateo,   Morales   ,Ortiz,Calle 66 #63-87, Bucaramanga,3159436208
133921902,Laura,Alejandro,Martinez,Gonzalez,Calle 109 #85-54, Ibague,3749876076
1037311159
674195607,Maria,Fernando,Rojas,DIAZ,   Calle 114 #58-32, Bucaramanga   ,3532398614
137884719,David,Fernanda,Gomez,,null,   3882995381   
646605319,   Jorge   ,Patricia,Gonzalez,   Gonzalez   ,Calle 23 #43-90, Barranquilla,3408508956
411293064,Camila,Julian,Gomez,Gutierrez,Calle 34 #71-24, Bucaramanga,3489411099
34542067,Daniel,Antonio,Lopez,   Castro   ,   Calle 32 #83-41, Bogota   ,3689582172
444697272,Sofia,Fernando,Silva,Rojas,calle 119 #22-76, barranquilla,3935432981
113550509,Camila,Emilio,Ortega,Gomez,Calle 9 #91-74, Cartagena,3444116609
139301169,Luis,patricia,Torres,MORALES,calle 29 #68-56, pereira,3406725437
25626108,Santiago,Felipe,Morales,Lopez,Calle 38 #24-48, Barranquilla,3929404887
880989241,Sebastian,Lucia,Vargas,Lopez,Calle 53 #44-77, Bucaramanga,3163899370
122418223,Daniel,Isabel,,Pinilla,Calle 109 #30-90, Medellin,3425946097
208846691,Carolina,,Gonzalez,Torres,Calle 74 #10-93, Medellin,3049889952
896335528
111733722,,Julian,NAVARRO,castro,Calle 89 #79-79, Manizales,3962325533
650337214,NULL,Patricia,Ramirez,Vargas,Calle 90 #54-1, Cartagena,3355593346
243728266,Camila,Gabriela,gomez,Torres,   Calle 61 #91-99, Ibague   ,3064953264
749287959,Luis,Fernando,Navarro,Ramirez,   Calle 24 #23-22, Bogota   ,3980424596
998667844,Miguel,Julian,Hernandez,Perez,Calle 37 #33-33, Bogota,3515607059
136484501,Santiago,Felipe,Garcia,Alvarado,Calle 120 #61-22, Bogota,3102498892
903949938,Camila,Julian,Garcia,Gutierrez,Calle 13 #91-56, Cali,
143549228,Sofia,Julian,Perez,Ramirez,Calle 116 #28-67, Cartagena,3884431347
23857520,NULL,Lucia,Rojas,Vargas,Calle 21 #64-44, Medellin,3212857843
634142043,Valentina,Julian,,   Alvarado   ,Calle 16 #53-33, Barranquilla,3637489580
84686859,Natalia,Emilio,Torres,Ramirez,Calle 110 #18-80, Barranquilla,3579572433
34517393,,Antonio,Torres,Morales,Calle 10 #31-77, Bogota,3089036663
980426994,Camila,Gabriela,Perez,Martinez,Calle 52 #65-46, Cali,3730774685
890217780,null,Fernanda,,Martinez,Calle 86 #1-69, Bogota,3118476448
521060687,Natalia,Isabel,Gonzalez,,Calle 100 #35-66, Santa Marta,3593408714
987979916,Daniel,Felipe,,Gomez,Calle 40 #78-41, Bucaramanga,
595676465,   Valentina   ,Antonio,,Ramirez
661923734,David,Julian,Vargas,Lopez,NULL,3824396225
357180463,juan,Fernanda,Morales,ROJAS
815952844,Carlos,Patricia,Hernandez,Muñoz,NULL,3674852384
1083081388,Maria,Gabriela,,Hernandez,Calle 116 #22-10, Santa Marta,3622839286
273171062,David,Antonio,Gonzalez,Torres,Calle 102 #37-68, Manizales,3953872962
315889445,Sofia,   Mateo   ,null,Jimenez,Calle 11 #80-46, Pereira,
195748395,Santiago,emilio,Diaz,   Sanchez   
426859506,Laura,Alejandro,Ramirez,   Castro   ,   Calle 59 #71-34, Cali   ,3575042882
446171654,camila,Mateo,Ramirez,Vargas,Calle 38 #32-86, Bogota,3756715056
185077971,Andres,null,Martinez,Rodriguez,Calle 12 #4-58, Medellin,3821192544
874414395,   Laura   ,Fernando,Garcia,Alvarado,   Calle 28 #40-73, Bogota   ,3855358895
1079311280,Santiago,Alejandro,Ortega,Lopez,Calle 41 #77-16, Bucaramanga,3989163878
1016361168,Laura,,Garcia,Jimenez,   Calle 60 #25-29, Manizales   ,3040140952
1046402035,Maria,Emilio,Ortega,,Calle 117 #60-23, Manizales,3089071956
997285140,Miguel,Antonio,NULL,Rojas,Calle 99 #11-75, Santa Marta,3019826768
538080976,Sofia,EDUARDO,   Gomez   ,Jimenez,   Calle 22 #23-67, Ibague   ,3062292115
347776123,Carlos,Alejandro,Perez,Morales,NULL,null
736078126,Santiago,   Isabel   ,Navarro,Castro,Calle 117 #55-6, Bucaramanga,3508437077
735312398,Carolina,Isabel,Diaz,Morales,Calle 75 #48-85, Medellin,3259138662
710344922,Jorge,   Patricia   ,Perez,Diaz,Calle 5 #8-79, Pereira,3105641979
866090128,,Patricia,Gonzalez,Vargas,Calle 51 #64-87, Medellin,3524646279
397062579,Sofia,Fernando,gomez,Ortiz,,3492399785
548502641,Paula,,Perez,Ramirez,Calle 1 #53-65, Bogota,3804305242
586052002,Sofia,Julian,   Rojas   ,Diaz,Calle 14 #36-76, Bogota,3654048253
252164352,Maria,Lucia,Rojas,Morales,   Calle 26 #44-46, Manizales   ,3225180114
958994903,Luis,Antonio,   Gonzalez   ,Muñoz,Calle 80 #84-66, Pereira,NULL
1004837090,Maria,NULL,Gomez,null,Calle 79 #41-57, Cartagena,
334130223,Miguel,Emilio,Castro,Gutierrez,Calle 100 #83-67, Santa Marta,3947815123
716104892,Paula,Julian,Torres,Diaz,Calle 16 #99-66, Cartagena,3565496301
832450742,NULL,Antonio,Perez,Gonzalez,,3339417638
575432226,Carlos,,Hernandez,Garcia,Calle 58 #40-47, Medellin,3247503082
68604382,Laura,eduardo,null,Diaz,Calle 46 #79-15, Manizales,3678943956
110050128,null,Felipe,Martinez,,Calle 56 #9-1, Barranquilla,3233203079
311803879,Daniela,Alejandro,Perez,null,Calle 35 #67-98, Cali,3447143265
128713777,Natalia,Mateo,Lopez,,Calle 109 #66-3, Pereira,
491882431,David,null,,Hernandez,Calle 38 #35-28, Manizales,3900394772
421483927,Natalia,Alejandro,Navarro,Morales,Calle 28 #70-44, Cartagena,3567010587
950857379,Daniela,Fernanda,Martinez,Pinilla,Calle 57 #81-49, Bucaramanga,3527411456
1034030985,Miguel,Lucia,Gomez,null,calle 55 #16-59, manizales,3465122093
787164297,Camila,Lucia,hernandez,Vargas,Calle 9 #15-57, Bucaramanga,3843429256
1025739417,NULL,Gabriela,Ortega,Hernandez,Calle 88 #93-84, Cali,3178342315
1040367768,   David   ,Julian,Hernandez,RODRIGUEZ,Calle 70 #18-90, Medellin,3388274342
531499414,Carolina,Emilio,Martinez,Muñoz,Calle 49 #46-56, Bucaramanga,3866409577
29866418,Jorge,Patricia,Diaz,Muñoz,Calle 41 #21-80, Cartagena,3332042452
583795280,Natalia,Lucia,Silva,Silva,calle 119 #62-98, cali,3317498765
577059651,Ana,,Garcia,Perez,Calle 60 #25-7, Medellin,3942975690
389597587,NULL,Mateo,NULL,Muñoz,Calle 92 #59-94, Medellin,3754541220
1056466893,Daniela,,Perez,Gutierrez,Calle 65 #17-80, Barranquilla,3399863124
1041731394,Carlos,Julian,   Vargas   ,Diaz,Calle 112 #64-15, Bucaramanga,3668271786
756860594,Paula,Eduardo,Gonzalez,Torres,Calle 115 #61-83, Manizales,3806160989
257764744,Jorge,Antonio,null,Castro
161004908,Carolina,Fernanda,Rojas,Rojas,Calle 41 #33-84, Manizales,3022451897
354199271,Carolina,Gabriela,Navarro,Torres,   Calle 35 #47-77, Cali   ,3944270643
851254820,Juan,Fernando,Ramirez,Alvarado,NULL,NULL
929578597,   Sebastian   ,Patricia,Ortega,   Morales   ,CALLE 16 #7-22, BUCARAMANGA,3208703744
206905140,andres,Mateo,LOPEZ,Pinilla,Calle 24 #83-12, Manizales,3867840261
35044729,David,Emilio,gonzalez,Gonzalez,Calle 30 #8-73, Santa Marta,3526628207
435090999,Valentina,Lucia,Perez,Rodriguez,NULL,3191403171
846410939,MIGUEL,Lucia,Navarro,Muñoz,Calle 8 #90-33, Pereira,3573877984
48986184,Valentina,Felipe,   Diaz   ,Torres,Calle 72 #10-25, Cali,3066860410
465482853,Paula,Patricia,Gonzalez,Lopez,Calle 80 #50-92, Bogota,3240999482
858812271,   Sebastian   ,Emilio,,Alvarado,Calle 33 #95-24, Medellin,3036221238
1051452480
1072517915,Miguel,Patricia,Navarro,Gutierrez,Calle 9 #29-72, Cartagena,3348947279
44158076,Carolina,Emilio,Navarro,Rojas,Calle 97 #78-89, Ibague,3068144222
981003898,NULL,Mateo,Navarro,Lopez,   Calle 17 #69-60, Bucaramanga   ,3944058026
672836386,Daniel,Eduardo,Vargas,Gonzalez,Calle 110 #92-6, Barranquilla,3906401738
473894909,Carolina,Fernanda,null,Rodriguez,NULL,3208731885
418975512,Miguel,Alejandro,Hernandez,NULL,Calle 2 #73-49, Manizales,3289243663
848926876
493951471,Paula,null,Rojas,Gomez,Calle 91 #79-59, Barranquilla,3213912911
549555057,Maria,Eduardo,Ortega,Castro,Calle 102 #31-8, Cartagena,3574855728
512155403,Andres,Patricia,navarro,Gomez,Calle 36 #43-84, Manizales,NULL
1066351775,Miguel,   Alejandro   ,Ramirez,Gomez,Calle 27 #37-70, Ibague,3430841504
844403304,Ana,,Silva,Sanchez,Calle 67 #59-95, Cali,3535871054
205360453,Sofia,Emilio,Diaz,Perez,Calle 118 #55-33, Medellin,3209731439
753704497,Jorge,Patricia,Ramirez,Hernandez
828532688,Santiago,Isabel,Hernandez,Morales,Calle 91 #45-36, Ibague,3458964777
951924956,David,null,Castro,Ramirez,Calle 64 #92-27, Ibague,3041262042
474564733,Carlos,Eduardo,Vargas,Sanchez,Calle 71 #64-20, Santa Marta,3344514196
159396900,Miguel,Antonio,Morales,Ortiz,Calle 114 #5-19, Cartagena,3627356908
1041740064,Sofia,   Emilio   ,rojas,Castro,Calle 48 #95-21, Medellin,3934191174
680100450,David,Lucia,Rojas,LOPEZ,Calle 84 #3-78, Medellin,3950596390
698722095,Jorge,Gabriela,,Hernandez,Calle 49 #57-95, Pereira,
732297301
783861708,Valentina,Alejandro,Lopez,Rodriguez,null,3848804074
425045120,Camila,Emilio,Lopez,Vargas,,NULL
477906607,NULL,null,Gonzalez,null,Calle 86 #59-96, Bucaramanga,3593416544
868523049,Santiago,Antonio,Martinez,   Pinilla   ,Calle 107 #46-15, Ibague,3662975704
282416211,   Natalia   ,Isabel,VARGAS,Muñoz,Calle 33 #1-59, Bogota,3476704927
745170237,Valentina,Isabel,,,Calle 28 #5-69, Santa Marta,3031973623
789872276,Jorge,Eduardo,Perez,Martinez,Calle 32 #34-61, Ibague,3345995597
1024196617,   Carlos   ,Fernando,Vargas,Silva,Calle 97 #43-36, Pereira,3511671430
796700345,Miguel,   Lucia   ,Vargas,null,null,3387637570
323641232,Sofia,Felipe,Hernandez,NULL,Calle 102 #95-5, Bogota,3814206560
845175311,Juan,,Rojas,Rojas,Calle 94 #92-97, Santa Marta,3881318284
631237243,Valentina,Alejandro,Torres,Silva,Calle 22 #26-90, Pereira,NULL
218397053
271814855,   Carlos   ,Alejandro,Silva,Lopez,Calle 118 #47-55, Pereira,3586771650
408685153,Valentina,Lucia,Silva,Martinez,   Calle 78 #32-74, Bucaramanga   ,3243073272
782154472,Jorge,Isabel,Lopez,Jimenez,Calle 52 #84-85, Santa Marta,3776670586
905862971,NULL,Alejandro,Morales,Gutierrez,Calle 61 #66-23, Barranquilla,3000872137
359309118,Daniela,NULL,Perez,Morales,Calle 43 #34-41, Bucaramanga,   3141114703   
218490967,Santiago,Lucia,NULL,Castro,Calle 92 #60-85, Medellin,NULL
608227179,Paula,Alejandro,Lopez,Perez,   Calle 45 #95-69, Cartagena   ,   3089229379   
572846322,   Sebastian   ,Antonio,Lopez,Sanchez,Calle 36 #55-63, Bogota,3120469392
236344992,Jorge,FERNANDA,Silva,Martinez,Calle 46 #96-97, Cartagena,3799531675
872508705,Natalia,Mateo,Ramirez,,Calle 88 #65-45, Manizales,
690768172,Valentina,Fernando,Silva,Jimenez,Calle 47 #88-43, Bogota,3750530986
881839804,Andres,Fernanda,Rojas,   Pinilla   
640634793,JUAN,Antonio,Rojas,Morales,Calle 65 #60-24, Manizales,3794680661
221145873,Carlos,,Rodriguez,Morales,calle 2 #72-11, cali,3623016817
839783949,sebastian,Fernanda,Ramirez,Morales
262981345,Ana,,Lopez,Gomez,Calle 116 #36-80, Manizales,3926227482
145546467,David,Gabriela,MORALES,Ramirez,   Calle 14 #10-72, Bucaramanga   ,3840049714
341645126,Valentina,Mateo,Rojas,Gutierrez,Calle 87 #59-44, Pereira,3772022401
1063902667,daniel,Mateo,Castro,Rojas,   Calle 84 #96-75, Bogota   ,NULL
966335058,Camila,Emilio,Ortega,Lopez,Calle 64 #34-51, Barranquilla,3676537255
735950710,Sofia,Lucia,Gonzalez,Vargas,Calle 95 #2-13, Manizales,3331837805
918425689,Sebastian,Gabriela,Castro,Gutierrez,Calle 37 #36-96, Ibague,3856314276
410338600,Miguel,Gabriela,Vargas,NULL,Calle 50 #70-39, Pereira,3808548581
552021467,Sebastian,   Gabriela   ,Torres,Martinez,Calle 101 #47-97, Bucaramanga,3054405988
762752225,Ana,Fernanda,ortega,Ramirez,Calle 79 #71-70, Cali,3885807388
1055858315,Valentina,Julian,   Perez   ,Gonzalez,Calle 103 #53-81, Ibague,3706362945
1062561220,Jorge,Fernanda,Lopez,,Calle 6 #27-20, Bucaramanga,3152249712
708492469,Ana,,Rojas,Gomez,Calle 49 #63-57, Barranquilla,3275587446
105781574,Juan,Antonio,Diaz,Garcia,Calle 64 #89-1, Manizales,3332355550
587057762,Jorge,Patricia,Torres,GOMEZ,Calle 62 #89-44, Pereira,3873498935
1084103619,Santiago,Julian,Lopez,Morales,Calle 79 #19-98, Santa Marta,
1063249486,Santiago,,Diaz,Alvarado,Calle 65 #63-24, Cartagena,3831453748
588336101,,Julian,Perez,null,Calle 60 #30-2, Ibague,null
822918792,Santiago,Isabel,null,,Calle 106 #34-32, Bucaramanga,3126216602
513820587,Andres,Mateo,Garcia,Hernandez,Calle 105 #69-84, Manizales,3224855245
911681071,Sebastian,Julian,Ramirez,Rojas,Calle 71 #80-63, Bogota,3545259316
526221780,,JULIAN,GONZALEZ,Martinez,CALLE 93 #46-59, MEDELLIN,3169952517
578549323,Laura,Fernanda,Perez,Hernandez,Calle 81 #25-37, Manizales,3737189298
1095721094,Paula,Alejandro,Ramirez,Martinez,Calle 31 #55-75, Pereira,3953208489
219588502,Sebastian,Felipe,Vargas,Gutierrez,Calle 66 #4-40, Manizales,3349135454
853946135,null,null,null,Pinilla,calle 95 #49-15, cali,3589252187
337376179,andres,Fernanda,Hernandez,Perez,Calle 35 #88-96, Cartagena,3947314366
876985232,   Andres   ,FERNANDO,   Navarro   ,,,3507428762
565568703,Miguel,Felipe,Gomez,null,Calle 53 #91-79, Bogota,3925538254
741168166,Natalia,Felipe,RAMIREZ,Diaz,Calle 95 #1-28, Pereira,3193147677
1017563447,Daniela,Felipe,Gonzalez,Gomez,Calle 115 #80-37, Bucaramanga,3615216520
519096745,Carlos,Emilio,Gonzalez,Gutierrez,Calle 94 #74-16, Cali,3457719450
67447994,Maria,Antonio,Torres,Morales,Calle 96 #38-11, Ibague,   3836571303   
932225023,Ana,Isabel,Castro,torres,Calle 110 #40-99, Manizales,3560832091
908274126,Sofia,Antonio,Perez,null,Calle 4 #87-10, Barranquilla,3940467189
624976398,Luis,   Emilio   ,Gonzalez,Garcia,Calle 22 #91-42, Medellin,   3611698993   
876014755,Ana,Isabel,Torres,Rojas,Calle 52 #46-26, Bogota,3724091468
263856982,Carlos,Emilio,Ramirez,Alvarado,Calle 76 #88-42, Santa Marta,3039679074
874071854,Jorge,Lucia,Morales,null,,3258127146
390180584,Daniel,Patricia,Ramirez,Rodriguez,Calle 95 #63-20, Medellin,3353590252
947856513,Paula,Emilio,Morales,,Calle 112 #1-22, Cartagena,   3874776931   
727936037,Camila,NULL,Torres,Hernandez,Calle 72 #4-58, Ibague,
884325467
972966186,Andres,Fernando,Gomez,Silva,Calle 70 #64-51, Pereira,3328160936
616892755,,Julian,Castro,Martinez,Calle 112 #73-38, Bucaramanga,3908083698
551073015,,Julian,   Rodriguez   ,Garcia,Calle 115 #20-54, Santa Marta,3258683734
575933711,Paula,   Emilio   ,Ortega,Vargas,   Calle 103 #50-3, Manizales   ,3692253786
616355909,Carolina,   Julian   ,Diaz,Perez,Calle 103 #13-47, Medellin,   3025670793   
200893011,,Eduardo,Navarro,Hernandez,Calle 76 #37-95, Santa Marta,3052192552
337541242,juan,Emilio,Rodriguez,Gonzalez,Calle 105 #64-24, Bogota,
848458434,   Miguel   ,Mateo,Rojas,Garcia,Calle 46 #32-9, Manizales,3953515734
562818726,David,Antonio,Torres,Ramirez,Calle 4 #95-89, Pereira,3599650717
810922174,Santiago,Isabel,Hernandez,alvarado,Calle 31 #63-38, Bucaramanga,   3003719566   
673056172,Jorge,Eduardo,Rojas,Garcia,Calle 68 #95-68, Cali,null
528077461,Maria,Alejandro,,Sanchez,null,3723139112
425554192,Paula,Emilio,Hernandez,Perez,Calle 62 #50-5, Cartagena,3053635551
857383754,Miguel,Felipe,Diaz,,Calle 53 #10-84, Cartagena,
202453612,Andres,Fernanda,Garcia,Silva,Calle 19 #47-50, Manizales,   3717963827   
10101468,David,Isabel,CASTRO,Rojas,Calle 112 #28-25, Medellin,3536262631
661300402,,Fernanda,Perez,Rodriguez,Calle 29 #41-76, Pereira,3147898827
754646724,null,Antonio,null,Hernandez,Calle 8 #21-55, Medellin,3016343846
655497846,Santiago,,Hernandez,Perez,Calle 6 #94-50, Pereira,3212263111
67798957,Sofia,,Gomez,Alvarado,Calle 96 #39-32, Santa Marta,3488969889
502990566,NULL,Fernanda,NULL,Martinez
390707696,Jorge,Alejandro,Lopez,Sanchez,Calle 47 #77-67, Medellin,3992399451
311809268,Carolina,Fernando,Morales,Perez,Calle 75 #27-58, Santa Marta,3833266485
302267238,Valentina,Julian,Navarro,Muñoz,Calle 69 #82-59, Cartagena,3017918321
770567528,Juan,Felipe,Rodriguez,NULL,calle 16 #24-16, medellin,3037891527
55077653,Luis,Fernanda,Rojas,Morales,Calle 116 #39-5, Medellin,3818451991
703755829,null,Emilio,Garcia,Ramirez,Calle 112 #27-3, Bogota,3767014751
822316019,Natalia,Gabriela,Castro,Muñoz,Calle 63 #86-56, Bucaramanga,3965533304
562650764,Paula,Lucia,   Ortega   ,Martinez,Calle 69 #57-13, Pereira,NULL
911296801,miguel,Julian,Rodriguez,Gonzalez,null,3258511341
304247450,Juan,Antonio,Rojas,Diaz,null,3932515287
653855953,Miguel,Antonio,Vargas,Martinez,Calle 120 #24-3, Medellin,3407464709
964148686,Miguel,Fernanda,   Ramirez   ,Garcia,Calle 81 #33-53, Bogota,3087159044
948130040,Paula,Gabriela,Vargas,Morales
971462338,Maria,Patricia,Garcia,Gonzalez,Calle 57 #72-29, Ibague,   3120914501   
719002657,,Emilio,Rojas,Rojas,Calle 74 #42-17, Bogota,3019398523
870315958,David,Eduardo,Vargas,   Torres   ,Calle 89 #4-16, Ibague,
786875873,Juan,Isabel,Castro,Rodriguez,Calle 58 #75-50, Bogota,3748016937
955822734,Carolina,Patricia,,Ramirez,Calle 3 #3-67, Cali,null
1080423538,Sofia,Fernando,Gomez,,Calle 79 #79-52, Santa Marta,3725410222
28109446,Andres,Isabel,Diaz,Torres,null,3647310701
835421786,Daniela,Gabriela,Gomez,Sanchez,Calle 86 #23-44, Cartagena,null
545804762,Maria,Felipe,Lopez,Silva,   Calle 33 #66-34, Ibague   ,3201272169
876629429,Carlos,Emilio,Silva,null,Calle 35 #19-6, Cartagena,3440049343
102069991,Paula,,NULL,Morales,Calle 29 #28-16, Pereira,3771962034
71346567,Jorge,Emilio,Castro,   Morales   ,NULL,NULL
459484566,null,Alejandro,Gomez,Jimenez,Calle 48 #59-15, Pereira,3828648913
95566785,Camila,Emilio,Navarro,Jimenez,Calle 65 #17-58, Bogota,3166297315
964247981,Paula,ISABEL,Silva,Gonzalez,Calle 66 #91-74, Pereira,3723760952
1081441166,Santiago,Isabel,Silva,Perez,Calle 101 #94-30, Santa Marta,3469591477
487988601,Santiago,Mateo,Hernandez,Pinilla
753565593,Natalia,Eduardo,Martinez,Gomez,Calle 29 #91-99, Barranquilla,3681892842
289528006,Laura,Eduardo,garcia,Jimenez,CALLE 60 #75-11, MANIZALES,3009716991
228835268,,Fernando,SILVA,Rojas,Calle 67 #70-52, Pereira,3179053050
152537670,null,Mateo,,   Gutierrez   ,Calle 81 #12-15, Santa Marta,3467251757
188191259,Sebastian,Julian,Martinez,Morales,Calle 63 #42-28, Cali,null
609626584,Luis,Gabriela,Ramirez,Jimenez,,3840214998
1058100484,Juan,Julian,Perez,Garcia,Calle 75 #43-91, Manizales,3650057754
187456253,David,Isabel,Lopez,,Calle 22 #94-69, Ibague,3752822338
493431619,Laura,Lucia,Torres,Rodriguez,Calle 6 #19-20, Bogota,null
428682303,Andres,GABRIELA,Lopez,Rojas,Calle 37 #71-13, Bucaramanga,3839009056
692353335,Maria,Fernanda,Vargas,null,null,3196130630
820811577,Daniel,   Lucia   ,Morales,LOPEZ,calle 32 #46-26, santa marta,3575760417
117352549,Ana,Gabriela,Silva,Gonzalez,Calle 27 #94-10, Santa Marta,3710030418
111421121,   Juan   ,FERNANDO,Vargas,Castro,Calle 75 #27-86, Santa Marta,3043709443
255741862,Natalia,Julian,Castro,Rodriguez,null,   3125412671   
1099329266,,,Ortega,Lopez,NULL,3558286027
931774125,Sofia,Eduardo,Rodriguez,Alvarado,,3929610626
519269880,Daniela,Gabriela,Ramirez,Ramirez,   Calle 55 #27-79, Manizales   ,3642798943
265432988,Luis,Mateo,   Navarro   ,Jimenez,Calle 70 #89-48, Cartagena,3329757592
443274873,Juan,Patricia,Rojas,Morales,Calle 55 #81-65, Cartagena,3094275285
402578677,Jorge,   Patricia   ,Vargas,Perez,Calle 45 #66-16, Cali,   3426201045   
143433959,Carlos,Isabel,Garcia,Perez,Calle 12 #72-20, Cali,3842346012
241222676,David,Felipe,Vargas,Vargas,Calle 120 #52-35, Bucaramanga,3948867428
996264478,Maria,Mateo,Silva,Perez,Calle 38 #85-40, Santa Marta,3816135344
428614391,Carlos,Lucia,NULL,,Calle 68 #13-26, Bogota,3252414252
891420746,Sebastian,Julian,Ramirez,Torres,Calle 98 #25-78, Bucaramanga,3798897900
628720866,Carlos,null,   Diaz   ,NULL,Calle 119 #92-17, Cartagena,3780528718
935495415,Juan,Lucia,null,Castro,Calle 4 #92-78, Pereira,3278429664
866554975
393854500,Andres,Mateo,   Castro   ,Muñoz
43186375,NULL,Fernando,Perez,Rodriguez,Calle 90 #71-33, Bogota,3321750455
274285854
1053246282,Miguel,   Gabriela   ,Garcia,Vargas,Calle 15 #29-62, Pereira,3695250934
539024226,NULL,Antonio,Lopez,Perez,Calle 45 #27-18, Medellin,3831034576
1074053746,Paula,PATRICIA,Garcia,Muñoz,NULL,3893825024
876461615,Sebastian,,Silva,Sanchez,,NULL
782300202,Maria,   Alejandro   ,Castro,Torres,,
905793141,Miguel,Fernanda,Gomez,Vargas,Calle 51 #56-21, Santa Marta,3637094854
533790305,Miguel,FERNANDA,Navarro,Silva,Calle 58 #75-20, Barranquilla,3132019998
1087059157,Juan,Felipe,Torres,Torres,Calle 115 #39-97, Pereira,3888578501
664949473,Ana,Emilio,Ramirez,Gutierrez,Calle 114 #30-11, Cartagena,3159484844
149411545,Juan,Emilio,Rojas,DIAZ,Calle 35 #34-77, Medellin,3952836772
309653208,Jorge,Julian,Perez,Pinilla,Calle 117 #23-69, Barranquilla,3217637748
664461390,Maria,Fernando,Torres,Torres,   Calle 115 #28-60, Bucaramanga   ,3745755349
633945474,null,Fernando,Navarro,Gutierrez,calle 13 #21-18, cartagena,3231589866
277708081,Daniel,,Rodriguez,,Calle 67 #85-89, Medellin,3930046760
329974622,Camila,Patricia,Garcia,Perez,NULL,3963138778
307271253,David,Isabel,   Martinez   ,Gutierrez,Calle 2 #50-36, Barranquilla,3441974987
697950428,Juan,Fernanda,Silva,Morales,Calle 26 #35-52, Bogota,3137394787
846835834
930314075,Jorge,Gabriela,NULL,Jimenez,null,3170380259
824915285,PAULA,Mateo,Vargas,Morales,Calle 17 #72-11, Ibague,3242707880
224038424,Juan,Alejandro,Ramirez,gutierrez,NULL,3345624227
593043610,,Isabel,Castro,Martinez,Calle 68 #18-17, Bogota,NULL
169229313,NULL,Fernando,Lopez,Vargas,Calle 20 #84-98, Ibague,3429735456
182332053,carlos,NULL,Rojas,   Gutierrez   ,calle 113 #37-46, medellin,3948042836
952087739,Daniela,Emilio,Diaz,Torres,null,3498038360
450014815,Maria,Lucia,Gonzalez,Diaz,Calle 109 #90-97, Ibague,3123345318
425438361,Daniel,Mateo,Silva,Martinez,null,3333542378
963352150,,Emilio,RODRIGUEZ,Garcia,   Calle 20 #78-46, Barranquilla   ,3563980072
330931814,David,Julian,,Castro,calle 97 #54-65, cali,3386938897
526659245,Luis,NULL,Rojas,,Calle 7 #17-88, Barranquilla,3023557790
782809848,Sofia,Julian,Diaz,Gonzalez,Calle 87 #9-91, Manizales,3416716704
419826185,Miguel,Felipe,Rodriguez,Pinilla,Calle 60 #5-36, Pereira,3158013677
239588025,David,Emilio,   Castro   ,Diaz,Calle 9 #90-77, Medellin,3787922315
479498660,Jorge,Felipe,   Martinez   ,Silva,Calle 96 #83-15, Medellin,   3975894507   
44920699,Ana,Alejandro,Gonzalez,SILVA,Calle 104 #69-97, Manizales,3079558931
376565792,Miguel,Isabel,Ramirez,Diaz,,3160654066
508419306,Sebastian,Fernanda,Diaz,Alvarado,,3094991548
879843598,Carlos,Lucia,Castro,Torres,,3301380540
196950457,Ana,Eduardo,MORALES,Martinez
1078557535,   Juan   ,Mateo,Lopez,Castro,Calle 94 #74-78, Santa Marta,3661027865
715085463,Carlos,Lucia,Ortega,Perez,Calle 106 #40-5, Ibague,3098718763
832159827,Santiago,Alejandro,Hernandez,Castro,Calle 88 #88-50, Santa Marta,3934968260
195067862,camila,Antonio,Diaz,Gutierrez,Calle 71 #47-21, Pereira,3676389976
143412058,Natalia,Julian,Vargas,Sanchez,Calle 7 #69-20, Medellin,3214213222
386744157,,   Antonio   ,Garcia,Torres,,3708664436
459333211,null,Isabel,Ortega,Rojas,Calle 34 #77-76, Cartagena,3552797855
408987777,Daniela,Lucia,Rojas,Diaz,Calle 31 #46-43, Bucaramanga,3686163164
925488289,Laura,Julian,Rodriguez,Castro,Calle 76 #88-55, Santa Marta,3971714660
412875141,   Jorge   ,Lucia,Martinez,Perez,Calle 79 #64-70, Manizales,3562195412
728866266,   Daniel   ,,Morales,Sanchez,Calle 80 #15-67, Bogota,3031342498
484191004,Daniela,Fernando,Lopez,Perez,Calle 8 #31-69, Cartagena,3647610863
949207079,Natalia,LUCIA,Rodriguez,NULL,Calle 19 #83-43, Cartagena,3923311895
475374367,   Carlos   ,null,Rodriguez,Castro,null,3779924999
563348265,Andres,ANTONIO,Martinez,Rodriguez,Calle 102 #28-64, Bucaramanga,3499202884
349004020,Juan,Julian,Torres,Silva,calle 68 #31-50, cali,3905583689
865159246,Andres,Isabel,Ortega,Lopez,   Calle 6 #40-58, Medellin   ,3724940353
275159076
1050348717,Ana,Felipe,Gomez,Muñoz,Calle 118 #41-46, Cali,3503971765
827689133,Natalia,Isabel,Lopez,Rojas,Calle 32 #78-22, Bucaramanga,3953573754
956948142,Ana,Alejandro,Gomez,Castro,Calle 56 #33-92, Cartagena,3366576936
440025010,Paula,   Emilio   ,Vargas,Ortiz,Calle 54 #7-13, Manizales,3167624440
292241220,Sofia,Gabriela,Morales,Sanchez,,3431913067
415956095,   Jorge   ,Alejandro,Hernandez,Silva,Calle 98 #70-91, Pereira,3522839155
79067161,Luis,Lucia,NULL,Gutierrez,calle 49 #81-66, medellin,3265362437
1016972591,Maria,Patricia,Garcia,Diaz,Calle 19 #47-22, Bucaramanga,3061185548
245729312,Juan,Mateo,Torres,Garcia,Calle 97 #43-79, Ibague,3133211511
731048283,null,Eduardo,,gutierrez,Calle 86 #86-89, Bucaramanga,   3532850980   
303320472,Sebastian,Patricia,   Castro   ,Vargas,Calle 68 #97-43, Pereira,3176435408
7663329,David,Isabel,ORTEGA,Garcia,Calle 100 #15-59, Santa Marta,3963426700
160322983,Carlos,Lucia,Ortega,GUTIERREZ,Calle 16 #58-41, Barranquilla,3834455651
336861579,,,Castro,NULL,Calle 57 #11-57, Manizales,   3888193780   
517139177,Sofia,Alejandro,Gonzalez,Garcia,Calle 84 #58-79, Bucaramanga,
223277982,Sebastian,Mateo,Diaz,Garcia,Calle 70 #47-25, Barranquilla,3178900472
98931612,Juan,Eduardo,,Garcia,Calle 56 #58-47, Manizales,null
70382752,Natalia,   Lucia   ,Vargas,Gomez,Calle 72 #62-75, Cali,3360503659
113567028
317142439,Sofia,Mateo,Ortega,,,3492592717
52161927,Sebastian,,Castro,   Hernandez   ,Calle 109 #52-89, Manizales,3642623379
912809633,LUIS,Patricia,Perez,Gutierrez
800330911,Valentina,Alejandro,Rojas,Castro,calle 58 #93-87, cali,null
1049403052,Laura,Fernando,Garcia,Ortiz
191217273,Paula,Julian,   Navarro   ,Torres,Calle 9 #10-14, Pereira,NULL
491139041
89953977,Camila,Patricia,,,Calle 65 #43-96, Bucaramanga,3479258630
300819732,Laura,Felipe,Castro,Lopez,Calle 5 #5-67, Cartagena,3044292491
256222121,Natalia,Gabriela,Perez,Silva,null,3703026587
554673769,Andres,Julian,Lopez,Silva,Calle 89 #56-89, Bucaramanga,3682475994
959249479,Maria,Felipe,Ortega,Gomez,,3118790059
661325707,Valentina,Lucia,Ortega,Torres,Calle 47 #12-32, Bogota,   3455309226   
32402414,NULL,NULL,Torres,Hernandez
1035891473
804351649,,Patricia,Martinez,Ramirez,NULL,3090145345
512523368,Camila,   Antonio   ,,Diaz,Calle 33 #93-63, Santa Marta,   3269225622   
788848071,Andres,Felipe,Rojas,Torres
751475233,Sebastian,Julian,Vargas,Ramirez,Calle 51 #47-28, Pereira,   3801233767   
1002781669,Andres,,Silva,   Rojas   ,Calle 29 #67-84, Cali,
796208673,Laura,Julian,Rojas,Rodriguez,Calle 98 #10-45, Bucaramanga,3694895615
435391647,   Andres   ,Fernanda,Hernandez,Alvarado,Calle 74 #51-24, Barranquilla,3540392482
24652289,David,Patricia,Hernandez,Lopez,Calle 90 #62-64, Bogota,3912112302
868314059,   Laura   ,Mateo,   Gomez   ,null,Calle 3 #61-90, Ibague,3213337054
833916424,Maria,Isabel,Perez,Lopez,Calle 23 #52-32, Cali,3593114886
478377211
182579903,Daniel,NULL,null,Jimenez,,   3725436203   
867182031,Sebastian,Fernando,Castro,,Calle 106 #37-5, Medellin,3341028133
849283833,NULL,Eduardo,Navarro,Diaz,CALLE 90 #54-26, CALI,   3274214916   
496758420,Santiago,,,Garcia,Calle 26 #25-54, Cartagena,3171310982
823872280,Juan,Julian,Silva,Muñoz,null,   3632588987   
933794797,Daniela,Eduardo,Castro,Castro,calle 70 #10-46, pereira,3322220818
525952312,null,,Gonzalez,Muñoz,Calle 70 #4-41, Bogota,3403209842
793392634,Juan,Gabriela,Vargas,null,Calle 11 #23-12, Bogota,3969433066
23518153,Maria,Isabel,Morales,Ortiz,,3154118414
299882397,Daniel,Patricia,Diaz,Sanchez,calle 39 #86-76, bogota,3303113077
371684778,Paula,Antonio,Garcia,Ortiz,Calle 14 #55-42, Cartagena,3733624028
452986619,Daniel,Patricia,   Ramirez   ,Perez,Calle 25 #94-62, Medellin,3299720110
271148025,Daniel,Alejandro,,Silva,Calle 64 #70-42, Bucaramanga,3524133531
852621195,Luis,Felipe,,Lopez,Calle 84 #83-9, Bucaramanga,3415631906
535265949,,Isabel,Diaz,Gonzalez,Calle 105 #38-27, Pereira,3972583925
649804029,Carolina,Julian,Ramirez,Morales,Calle 106 #68-30, Santa Marta,3583844452
885116873,Andres,null,Rodriguez,Vargas,Calle 71 #43-99, Bogota,3515605893
889983841,Juan,Isabel,   Gomez   ,null,Calle 95 #8-99, Cali,3026372282
778855872,,Patricia,Gonzalez,Diaz,Calle 103 #82-77, Cali,3308176196
172737178,NULL,Julian,Perez,Gutierrez,Calle 22 #18-52, Barranquilla,3513466484
417508362,   Natalia   ,Fernando,   Rodriguez   ,null,Calle 55 #81-14, Pereira,3174668008
575838835,,Fernando,Rojas,Rodriguez,   Calle 32 #34-33, Bucaramanga   ,NULL
536570755,Daniel,Felipe,Torres,Morales,Calle 102 #45-10, Ibague,3416866709
998210302,Juan,Fernando,Garcia,Gomez,Calle 38 #55-87, Ibague,3935569826
830759966,   Carlos   ,Patricia,Torres,Alvarado,   Calle 28 #32-83, Santa Marta   ,3787151148
914117453,Miguel,Patricia,Garcia,muñoz,Calle 58 #76-59, Cali,3687161519
785885309,Camila,Eduardo,   Gomez   ,Gonzalez,Calle 84 #28-87, Pereira,3959823077
435680981,Carlos,julian,Torres,Sanchez,Calle 28 #39-85, Medellin,3132803600
277121394,andres,Isabel,Rojas,castro,Calle 8 #1-96, Ibague,
370203123,Miguel,Patricia,Rojas,Garcia,Calle 64 #17-60, Ibague,3218952751
164981167,NULL,Felipe,Lopez,Vargas,Calle 73 #14-13, Cali,NULL
57034232,Luis,Fernando,Gonzalez,Pinilla
742588931,Santiago,Antonio,Rodriguez,Perez
465603030,Sofia,Patricia,Silva,   Rodriguez   ,CALLE 33 #85-80, CALI,
111440339,NULL,Patricia,Rojas,Hernandez,CALLE 40 #97-95, BARRANQUILLA,
979402047
910034858,Sebastian,   Emilio   ,Diaz,Diaz,,3390909557
368602076,NULL,Alejandro,Gonzalez,Rojas,Calle 43 #71-35, Cartagena,
337152197,,Mateo,Rodriguez,Gutierrez,Calle 29 #16-54, Santa Marta,3368350929
511128819,Natalia,Lucia,Castro,Rojas,Calle 66 #39-18, Bucaramanga,3865056272
466355411,Camila,Julian,Gonzalez,Gomez,Calle 114 #22-90, Pereira,3613545788
214078456,Sofia,Emilio,Torres,   Alvarado   ,Calle 86 #44-79, Pereira,3319821993
225214538,Laura,Julian,Garcia,Gonzalez,Calle 76 #30-6, Bucaramanga,3223831828
849733237,Ana,emilio,ORTEGA,Gonzalez,Calle 91 #98-51, Bucaramanga,3394767624
88996873,   Valentina   ,Gabriela,Torres,Garcia,Calle 68 #13-36, Bucaramanga,3053342319
515701000,Valentina,,Lopez,Vargas,Calle 120 #61-72, Santa Marta,3614520372
635887513,Ana,Lucia,Perez,Pinilla,Calle 101 #22-89, Medellin,3023531808
700254968,Natalia,Mateo,null,Jimenez,Calle 86 #66-47, Santa Marta,3649970292
590830241,null,Lucia,Rojas,,Calle 120 #5-98, Medellin,   3939933615   
367095979,Miguel,Alejandro,Lopez,Gomez
236179322,Maria,null,Gonzalez,null,null,NULL
235910997
831901216,Luis,fernanda,Garcia,null,,3898114801
642715271,Sebastian,Fernanda,Morales,Vargas,Calle 20 #48-70, Barranquilla,null
616291245,Andres,Julian,Perez,   Rodriguez   ,Calle 107 #55-65, Manizales,3165522506
42292607,Maria,Alejandro,Lopez,Rodriguez,Calle 19 #95-8, Ibague,3635064267
521703168,,Emilio,Navarro,Lopez,Calle 87 #85-20, Cartagena,3395155052
789520295,Natalia,Fernanda,Gomez,Alvarado,Calle 47 #94-99, Manizales,3574236330
400266198,null,Isabel,Morales,,Calle 55 #75-75, Ibague,3512876001
1017911433,Paula,Felipe,Rodriguez,,   Calle 65 #66-98, Barranquilla   ,3378518884
189624229,Camila,Mateo,Silva,Hernandez,Calle 95 #94-68, Pereira,
391125987,,Gabriela,Vargas,Hernandez,NULL,3121944875
626061829,Natalia,Eduardo,Perez,Garcia,NULL,3079593913
716274459,JORGE,Lucia,Silva,Morales,Calle 43 #33-12, Cali,3181469739
204009010,Sebastian,Eduardo,NULL,   Ortiz   ,NULL,3927513196
880695537,Laura,Eduardo,Perez,Perez,Calle 54 #55-90, Manizales,3239651438
398443794,Daniel,Julian,Castro,Torres,Calle 5 #69-65, Pereira,null
282261056,Paula,Antonio,Vargas,Diaz,Calle 9 #17-23, Barranquilla,3281986075
280850368,Natalia,NULL,Gonzalez,Alvarado,Calle 120 #37-41, Cartagena,3307492625
436355719,DANIEL,Isabel,Torres,PEREZ,Calle 97 #35-83, Manizales,3575588284
146279756,NULL,Felipe,Morales,Alvarado,Calle 82 #56-72, Pereira,3383339640
855484497,Sofia,Julian,Rodriguez,Silva,Calle 2 #81-11, Medellin,3223221528
309409945,   Santiago   ,Fernanda,   Garcia   ,Ortiz,Calle 60 #59-33, Medellin,3938751521
144164858,Sebastian,Patricia,Lopez,Gonzalez,Calle 29 #73-64, Ibague,
920002042,Jorge,Gabriela,Perez,MUÑOZ,Calle 98 #26-25, Cali,3504201093
22817345,Miguel,Julian,Lopez,NULL,Calle 72 #24-88, Ibague,3494126698
898489357,Paula,Eduardo,Ortega,Pinilla,Calle 97 #38-39, Bucaramanga,3692226600
51851411,Sebastian,Gabriela,null,Hernandez,Calle 62 #83-20, Pereira,3634765585
753246275,Maria,Alejandro,Rodriguez,Martinez,NULL,3477985892
865654412,JUAN,Antonio,Gomez,Ortiz,Calle 28 #8-2, Santa Marta,   3356049450   
686281492,Valentina,Mateo,MORALES,,Calle 37 #19-76, Cali,3960128110
511955905,Paula,NULL,,lopez,Calle 77 #25-72, Pereira,3295904547
529546555,Jorge,null,Gomez,Ramirez,Calle 105 #51-47, Cartagena,3232955413
378626571,David,,Navarro,Perez,Calle 52 #99-83, Bucaramanga,   3866807715   
618373937,Sofia,Felipe,Navarro,Martinez,Calle 76 #32-16, Manizales,3801043217
462749739,   Sebastian   ,Patricia,Silva,Ortiz,Calle 66 #89-36, Santa Marta,3789721637
144480117,VALENTINA,null,Martinez,ramirez,Calle 114 #22-4, Cali,3265663237
243365744,Maria,Lucia,Lopez,Perez,   Calle 28 #87-21, Cali   ,3761500344
457965930,Luis,Felipe,null,HERNANDEZ,Calle 80 #51-79, Bucaramanga,3710676115
213292372
604637220,Valentina,Patricia,Ortega,Ramirez,,3764436410
686545511,Laura,MATEO,Castro,Rodriguez,Calle 86 #32-37, Ibague,3604224364
100391889,   Miguel   ,Lucia,Diaz,SILVA,null,3433510753
828075001,David,Felipe,Gomez,Morales,Calle 38 #96-62, Pereira,3318956738
23083785,   Camila   ,Lucia,Morales,Lopez,Calle 112 #92-5, Pereira,3194880286
478121584,Sebastian,Gabriela,Navarro,Castro,Calle 30 #31-91, Ibague,3238441426
1008853850,Maria,Eduardo,Rojas,Hernandez,Calle 118 #62-66, Pereira,3742161147
590751508,Juan,Lucia,Ramirez,NULL,Calle 60 #55-30, Santa Marta,NULL
332120310,Luis,Alejandro,Gomez,Gomez,Calle 58 #78-59, Medellin,   3090022164   
125448823,Maria,Gabriela,Navarro,Pinilla,Calle 101 #4-20, Bogota,3514341481
705827685,Paula,null,Vargas,null,Calle 70 #65-92, Bucaramanga,3309510907
330019205,Sofia,,NULL,   Sanchez   ,Calle 39 #42-99, Santa Marta,3179400934
571328634,Juan,Gabriela,Garcia,Ramirez
33687900,David,Isabel,,Castro,Calle 16 #97-30, Santa Marta,3302630870
906390067,maria,Gabriela,Rojas,Ramirez
68566559,Ana,Patricia,Silva,Gomez,Calle 28 #20-2, Ibague,NULL
359196961,sofia,Julian,Navarro,Silva,Calle 85 #65-2, Barranquilla,   3494843665   
256120918,Paula,Antonio,,Diaz,   Calle 86 #2-10, Medellin   ,3760318097
820041650,Sebastian,Fernando,Ramirez,Vargas,Calle 60 #45-39, Cali,3114875434
419026762,,,Gonzalez,Perez,Calle 115 #39-66, Barranquilla,3363466455
888248022,Sofia,Alejandro,Martinez,Diaz,Calle 40 #49-94, Barranquilla,3454088477
214082735,Andres,Antonio,NULL,Alvarado,Calle 84 #5-28, Bucaramanga,
357817933,Natalia,,Diaz,Gomez,Calle 43 #44-90, Ibague,3538613548
365108334,sebastian,Gabriela,Castro,   Hernandez   ,Calle 15 #67-79, Cali,3360129789
48672756,Carolina,Antonio,Morales,Torres,CALLE 26 #3-69, BARRANQUILLA,3527083370
186884460,David,   Fernando   ,Rojas,Muñoz,Calle 34 #84-27, Santa Marta,3117487781
92049738,Carolina,Fernanda,Ortega,Castro,,3178337976
297275712,null,Patricia,Hernandez,Rojas,,3595871857
196298596,Laura,Fernanda,Castro,Gutierrez,Calle 33 #39-60, Bogota,NULL
317620936,Santiago,Emilio,Perez,Lopez,,3435296419
156166744,Sofia,null,Silva,Morales,Calle 102 #88-41, Bogota,3378392359
988710822,Camila,Eduardo,Castro,Gutierrez,Calle 86 #12-68, Ibague,3720255548
909992505,Laura,NULL,Diaz,Martinez,Calle 41 #7-75, Santa Marta,null
116959618,Santiago,Gabriela,Silva,Ortiz,Calle 114 #51-14, Santa Marta,3466641253
348059408
914836698,   Maria   ,Patricia,Ramirez,null,Calle 81 #21-47, Cali,3947025625
424784460,Carolina,,Gonzalez,Rojas,Calle 77 #84-99, Manizales,3725428585
537129526,Miguel,Lucia,Gonzalez,Gonzalez,Calle 63 #90-67, Barranquilla,3047234784
790673734,,Emilio,Vargas,Castro,Calle 63 #52-41, Cartagena,3048382508
865102611,Carolina,Alejandro,Rojas,Sanchez,Calle 51 #39-74, Bucaramanga,3158194163
934372724,Valentina,   Patricia   ,Rodriguez,Diaz,Calle 65 #58-43, Barranquilla,3803583405
670851258,Juan,Mateo,Navarro,,Calle 102 #90-41, Bucaramanga,3902959798
152833159,Daniel,Fernanda,   Castro   ,NULL,Calle 37 #85-74, Pereira,3862042023
597593674,Carolina,Mateo,Vargas,Rodriguez,Calle 79 #93-72, Cartagena,3501393305
1033761507,Andres,Emilio,Rojas,Sanchez,Calle 88 #43-46, Santa Marta,3800589611
62571618,LAURA,Fernando,Ortega,Alvarado
221382540,Carolina,Fernanda,Ramirez,Ramirez,Calle 77 #59-79, Santa Marta,3107149045
137562840,Laura,Fernanda,Silva,Silva
866781369,Daniela,Gabriela,   Morales   ,Castro
201140367,Santiago,Gabriela,Lopez,,Calle 33 #72-94, Manizales,3313519085
1037163127,David,Julian,ROJAS,Garcia,null,3503046802
535810918,Camila,Gabriela,Morales,Diaz
99173281,Miguel,Fernanda,Navarro,null,Calle 82 #54-32, Cali,3735559217
537702858,natalia,Emilio,Rojas,Morales,Calle 29 #64-76, Manizales,3930369749
485729575,Andres,   Eduardo   ,Lopez,Hernandez,Calle 36 #36-79, Cartagena,3219930578
52944410,Camila,Patricia,null,Sanchez,Calle 69 #85-76, Pereira,3628138767
992111370
785728278,,Lucia,Garcia,Castro,Calle 96 #17-16, Santa Marta,
180299994
369168447,Juan,Isabel,Rojas,garcia,NULL,3083276957
553324470,Daniela,Eduardo,Ortega,Morales,Calle 48 #94-81, Pereira,3461029528
98800342,David,Alejandro,null,Vargas,Calle 89 #57-3, Bogota,3027420427
442392092,   Santiago   ,Mateo,NULL,Vargas,Calle 50 #33-15, Cali,3208002817
462547536,DANIEL,Alejandro,null,Silva,Calle 15 #83-9, Barranquilla,3727275519
732055390,Ana,Fernando,Morales,Rojas,Calle 37 #24-77, Medellin,3949182039
1059610847,Miguel,Fernanda,NULL,Alvarado,Calle 85 #82-7, Bucaramanga,NULL
1047885911
92974548,Camila,Alejandro,Torres,Torres,Calle 99 #53-21, Medellin,   3448550360   
979316736,juan,ALEJANDRO,Martinez,Gutierrez,Calle 36 #65-31, Pereira,3698491625
217109171,Andres,Julian,Vargas,Gutierrez,Calle 56 #64-21, Bogota,3217719711
935235554,Carolina,FERNANDO,Gomez,Gomez
722632891,null,Lucia,   Perez   ,Gutierrez,   Calle 26 #19-70, Bucaramanga   ,3514259010
1058941679,,Gabriela,Rojas,Vargas,Calle 66 #68-4, Bucaramanga,3133257804
608587325
585840767,paula,Gabriela,Silva,Gutierrez,Calle 9 #3-14, Pereira,3033554360
535299300,NATALIA,Gabriela,Garcia,Hernandez,Calle 71 #62-3, Cali,
915697268,Miguel,,Hernandez,Martinez,Calle 18 #36-33, Barranquilla,3339803530
541803623,Camila,Felipe,Garcia,Sanchez,Calle 56 #2-44, Santa Marta,3902514081
136563644,Paula,Patricia,martinez,,Calle 59 #88-54, Bucaramanga,3538414297
862506938,Daniel,   Eduardo   ,Ortega,NULL,Calle 29 #34-93, Santa Marta,NULL
66588039,Jorge,Julian,Navarro,Gomez,Calle 71 #17-8, Ibague,3422568234
227923276,Miguel,Mateo,Martinez,Vargas,Calle 88 #41-36, Bogota,3951348057
59693469,,Lucia,Perez,null,Calle 96 #47-91, Barranquilla,3388491420
940329414,Carolina,   Fernanda   ,Vargas,,Calle 56 #37-42, Santa Marta,3982523554
751574337,Carlos,Gabriela,   Ramirez   ,NULL,   Calle 59 #79-36, Cartagena   ,3908968296
559701816,Juan,Alejandro,Navarro,Muñoz,Calle 13 #35-7, Medellin,3835610801
612660014,Paula,Julian,Gonzalez,Perez
250416315,NULL,Gabriela,NULL,Silva,CALLE 63 #8-72, CALI,3747210409
698641835,,Julian,Diaz,Garcia,CALLE 115 #8-19, SANTA MARTA,3532131700
380904701,Daniela,Emilio,Ramirez,Castro,Calle 67 #31-48, Manizales,3560950174
163129322,Carolina,Alejandro,Gomez,Ramirez,Calle 20 #95-46, Pereira,3182315777
843399277,Ana,Alejandro,Torres,Morales,Calle 92 #12-61, Medellin,3218426536
543511695,Santiago,Felipe,Perez,Torres,calle 58 #68-48, pereira,   3135711947   
427860179
834229660,Santiago,NULL,   Martinez   ,Hernandez
261023115,Santiago,Mateo,Navarro,Rodriguez,Calle 108 #82-27, Santa Marta,NULL
836011627,Santiago,Lucia,Navarro,Silva,CALLE 65 #24-66, BOGOTA,3506154969
953685973,Daniela,Fernanda,Torres,Garcia,Calle 60 #26-39, Manizales,3129168219
97698597,   Camila   ,Alejandro,NULL,Silva,Calle 34 #23-45, Ibague,
738345863,David,Fernando,Gonzalez,null,Calle 119 #74-49, Bucaramanga,3279808151
595735217,Daniel,Fernando,Ramirez,Hernandez,Calle 84 #50-90, Santa Marta,3611187359
92825959,Jorge,   Isabel   ,Silva,Rojas,Calle 63 #70-93, Bucaramanga,3310228856
300837391,Natalia,Lucia,Martinez,Alvarado,Calle 100 #48-39, Bogota,3401770439
720237654,Juan,NULL,Gomez,,Calle 70 #65-46, Santa Marta,3478324164
294071074,Luis,Antonio,Morales,Martinez,Calle 61 #94-38, Cali,3191512205
765550296,Carlos,Fernanda,Perez,Pinilla,Calle 118 #87-4, Bucaramanga,3706431663
790778309,Daniela,   Fernanda   ,,NULL,Calle 32 #54-48, Bucaramanga,NULL
1068824548,Daniela,Mateo,,Rojas,   Calle 50 #26-44, Medellin   ,3279007314
188000378,Luis,Eduardo,Lopez,Vargas,Calle 28 #74-76, Bucaramanga,3248672105
847953585,Andres,,Gomez,NULL,Calle 20 #73-52, Santa Marta,3079811040
264854433,Carlos,Alejandro,Torres,Gomez,Calle 101 #55-55, Pereira,3010527759
694179896,null,Felipe,Martinez,Castro,Calle 61 #80-92, Santa Marta,3221679049
205600831,Sofia,emilio,vargas,Martinez,,3685627624
59384980,Daniel,Eduardo,Garcia,Hernandez,Calle 2 #39-38, Cartagena,3301255399
415434529,Valentina,null,Garcia,HERNANDEZ,NULL,3423579475
238188080,Ana,Mateo,Morales,Garcia,Calle 73 #41-48, Bogota,3146861027
136758473,Miguel,Fernanda,Gonzalez,Ortiz
15610334,Paula,Emilio,Garcia,Silva,,3765784308
849323726,maria,   Patricia   ,Rodriguez,null,Calle 45 #63-24, Cali,   3660628418   
441155446,Natalia,Fernando,Vargas,Gomez,Calle 79 #32-46, Cali,3288082035
629891864,Sofia,Eduardo,GOMEZ,Perez,NULL,3539697386
682939731,Laura,Fernando,Martinez,Ramirez,,3910358662
967514443,,emilio,Perez,Sanchez,Calle 64 #16-37, Cartagena,3188397914
958587551,Andres,Antonio,   Rodriguez   ,Diaz,Calle 107 #18-59, Cali,
852411349,Jorge,Lucia,   Ortega   ,Rojas,Calle 88 #26-5, Manizales,3362559737
989442186,Ana,Fernanda,Diaz,Hernandez,Calle 17 #61-63, Bogota,   3139664116   
700060962,Paula,Antonio,Vargas,Muñoz,Calle 96 #89-10, Bogota,3091432545
871229537,Luis,Mateo,Ortega,ALVARADO,Calle 43 #54-93, Bogota,3483439831
160621066,null,Isabel,   Gonzalez   ,Ortiz,   Calle 82 #47-64, Cartagena   ,3650089886
876315836,Daniela,FELIPE,Lopez,NULL,Calle 111 #68-3, Ibague,3442817719
693757522,Sebastian,Felipe,Castro,Ramirez,Calle 100 #83-47, Cartagena,3420610076
218144286,null,Eduardo,Ramirez,Hernandez,Calle 17 #82-42, Medellin,3789051682
699458108,Sebastian,Emilio,VARGAS,Silva,,3997352129
347878658,Ana,Isabel,Diaz,Diaz
573819771,Paula,Fernanda,Navarro,Jimenez,null,3623345155
676978107,,Fernanda,Rodriguez,Morales,Calle 31 #95-11, Cartagena,3379298965
458753010,Andres,Julian,Morales,Pinilla,   Calle 65 #82-58, Cali   ,   3400578308   
614198921,ana,Mateo,Torres,Silva,Calle 22 #91-32, Ibague,3255260104
924979022,null,Felipe,Martinez,Lopez,Calle 5 #36-26, Ibague,3845042346
254461701,Paula,   Patricia   ,Silva,   Rodriguez   ,Calle 83 #71-37, Santa Marta,3959586118
1010700545,Andres,Fernando,Torres,null,Calle 81 #92-7, Santa Marta,3918506570
779893414,Daniel,Eduardo,Rodriguez,Silva,Calle 63 #8-36, Santa Marta,3857713873
705380842,Natalia,Eduardo,Garcia,Gomez,Calle 107 #53-86, Pereira,   3802719794   
386685593,Luis,   Lucia   ,Ortega,Muñoz,Calle 19 #89-2, Santa Marta,3995943445
68165154,Sebastian,Mateo,Lopez,   Hernandez   ,   Calle 62 #84-34, Barranquilla   ,3305491125
186659467,Natalia,Felipe,   Ramirez   ,muñoz,Calle 82 #84-74, Santa Marta,3187382282
982278982,Juan,Eduardo,Diaz,Pinilla,NULL,3998730355
379615357,NULL,Felipe,Navarro,Silva,Calle 94 #53-8, Bucaramanga,3456578293
519065389,Carlos,Fernanda,Torres,Garcia,Calle 91 #36-3, Ibague,3934992037
574511522,null,Fernanda,Vargas,Gutierrez,Calle 55 #2-52, Barranquilla,null
827923854,   Miguel   ,Antonio,Ramirez,Muñoz,null,3625213232
705006032,Valentina,   Emilio   ,Perez,null,Calle 26 #40-39, Ibague,3535747949
402041062,NULL,Patricia,Lopez,Castro,Calle 92 #94-60, Bogota,3784965687
1078264131,Luis,Emilio,Ramirez,Rojas
791355789,Ana,null,null,Pinilla,Calle 39 #43-80, Cali,3184970516
185539693,Camila,Eduardo,Hernandez,Rodriguez,Calle 101 #33-74, Ibague,3059640018
517461545,Ana,alejandro,Rojas,Morales,Calle 14 #11-33, Bogota,3467321851
401022722,Luis,Felipe,Martinez,,Calle 63 #12-55, Bogota,3716659997
4811411,Sofia,Fernando,Rodriguez,Silva,NULL,3837546867
793980511,David,Gabriela,Hernandez,Silva,NULL,3710631892
667915105,   Valentina   ,Alejandro,Hernandez,Pinilla,Calle 115 #40-55, Manizales,3801871399
750797869,Sebastian,Emilio,   Garcia   ,Perez,Calle 94 #96-31, Medellin,3642500003
855875946,Sofia,Felipe,   Castro   ,Pinilla,Calle 24 #97-53, Bucaramanga,3873323205
90216793,Jorge,Lucia,Gomez,Gonzalez,,NULL
931915432,,null,Perez,Silva,Calle 7 #77-64, Ibague,null
956812911,Jorge,Alejandro,,Martinez,calle 1 #41-32, cali,3278546355
190039238,Paula,Eduardo,Diaz,Lopez,Calle 21 #3-9, Ibague,   3705786702   
834125160,Carolina,Gabriela,Perez,Torres,Calle 84 #52-71, Barranquilla,3788364077
354999213,Miguel,ALEJANDRO,Martinez,Perez,Calle 92 #58-17, Santa Marta,
903092285,Jorge,Antonio,NULL,Ortiz,Calle 82 #51-48, Manizales,3303581517
809973910,Sebastian,Gabriela,Rodriguez,,Calle 10 #99-69, Bogota,3357628698
981370640,Ana,Patricia,Rojas,Castro,Calle 72 #86-84, Pereira,3717754967
521243251,Luis,alejandro,   Vargas   ,Rojas
287935097,Miguel,Emilio,rodriguez,Torres,Calle 17 #58-51, Manizales,3539145154
1057475696
214314118,David,Julian,Ramirez,Lopez,Calle 93 #10-6, Pereira,3111764883
791825008,Natalia,Fernanda,Gonzalez,Torres,NULL,NULL
835918274,Maria,   Emilio   ,Rodriguez,Sanchez,Calle 67 #52-37, Ibague,3512171091
205281446,Ana,Alejandro,Ortega,,,null
43073908,Carolina,null,Gomez,SANCHEZ,Calle 34 #63-96, Bucaramanga,3799657320
752911132,Juan,Eduardo,Castro,Rojas,Calle 111 #77-32, Cartagena,3021310724
1092180288,David,Mateo,Vargas,Pinilla,,3074792263
159497493,Paula,Emilio,Garcia,Torres,Calle 35 #41-85, Ibague,
756602408,Maria,Fernando,Vargas,Garcia,Calle 77 #91-17, Manizales,3002198802
979597491,NULL,Lucia,Ortega,Alvarado,Calle 74 #70-47, Medellin,3659228237
775772770,Valentina,FERNANDA,Rodriguez,Gonzalez,Calle 98 #41-33, Medellin,3532140164
1034377400,CAMILA,Julian,Gonzalez,Alvarado,Calle 35 #33-15, Pereira,3132213332
896821420,Maria,Isabel,Rojas,null,Calle 93 #28-93, Medellin,3500365692
746103006,Natalia,Antonio,Lopez,Gomez,NULL,
998075593,Luis,Julian,Morales,Sanchez
812474947,Paula,Alejandro,null,,Calle 82 #81-8, Santa Marta,3475377715
839628330
998719347
714334154,Carlos,Fernando,Hernandez,Perez,Calle 83 #50-39, Cali,3417652303
430377332,Sebastian,Fernanda,Diaz,Martinez,Calle 66 #63-42, Manizales,3516740907
1002894172,Jorge,   Fernanda   ,Diaz,Garcia,Calle 106 #57-52, Cali,3906455745